<?xml version="1.0" encoding="UTF-8"?>
<spawns>
  <spawn centerx="501" centery="445" centerz="7" radius="3">
    <monster name="Deer" x="-1" y="-1" z="7" spawntime="60"/>
    <monster name="Wolf" x="2" y="0" z="7" spawntime="60"/>
    <monster name="Bear" x="-1" y="3" z="7" spawntime="60"/>
  </spawn>
  <spawn centerx="506" centery="445" centerz="7" radius="3">
    <monster name="Wolf" x="2" y="2" z="7" spawntime="60"/>
    <monster name="Wolf" x="3" y="2" z="7" spawntime="60"/>
  </spawn>
  <spawn centerx="530" centery="446" centerz="7" radius="5">
    <monster name="Bear" x="3" y="-1" z="7" spawntime="60"/>
    <monster name="Wolf" x="4" y="1" z="7" spawntime="60"/>
    <monster name="Bear" x="-1" y="2" z="7" spawntime="60"/>
    <monster name="Rabbit" x="0" y="3" z="7" spawntime="60"/>
    <monster name="Wolf" x="-1" y="4" z="7" spawntime="60"/>
  </spawn>
  <spawn centerx="502" centery="451" centerz="7" radius="3">
    <monster name="Wolf" x="-1" y="1" z="7" spawntime="60"/>
  </spawn>
  <spawn centerx="535" centery="454" centerz="7" radius="3">
    <monster name="Wolf" x="-1" y="0" z="7" spawntime="60"/>
    <monster name="Deer" x="0" y="1" z="7" spawntime="60"/>
    <monster name="Wolf" x="-1" y="2" z="7" spawntime="60"/>
    <monster name="Deer" x="2" y="3" z="7" spawntime="60"/>
  </spawn>
  <spawn centerx="547" centery="464" centerz="7" radius="5">
    <monster name="Rabbit" x="-4" y="0" z="7" spawntime="256"/>
    <monster name="Rabbit" x="1" y="0" z="7" spawntime="256"/>
    <monster name="Rabbit" x="2" y="0" z="7" spawntime="256"/>
    <monster name="Wolf" x="-4" y="2" z="7" spawntime="60"/>
    <monster name="Rabbit" x="5" y="2" z="7" spawntime="60"/>
    <monster name="Deer" x="5" y="5" z="7" spawntime="60"/>
  </spawn>
  <spawn centerx="555" centery="467" centerz="7" radius="3">
    <monster name="Wolf" x="-2" y="-2" z="7" spawntime="60"/>
    <monster name="Deer" x="1" y="-1" z="7" spawntime="60"/>
    <monster name="Bear" x="2" y="0" z="7" spawntime="60"/>
    <monster name="Wolf" x="-2" y="3" z="7" spawntime="60"/>
  </spawn>
  <spawn centerx="547" centery="471" centerz="7" radius="3">
    <monster name="Wolf" x="-2" y="-1" z="7" spawntime="60"/>
    <monster name="Rabbit" x="0" y="2" z="7" spawntime="60"/>
  </spawn>
  <spawn centerx="497" centery="472" centerz="7" radius="3">
    <monster name="Rabbit" x="0" y="-2" z="7" spawntime="60"/>
    <monster name="Wolf" x="1" y="0" z="7" spawntime="60"/>
    <monster name="Wolf" x="0" y="2" z="7" spawntime="60"/>
    <monster name="Bear" x="-1" y="3" z="7" spawntime="60"/>
  </spawn>
  <spawn centerx="547" centery="486" centerz="7" radius="3">
    <monster name="Wolf" x="-3" y="-2" z="7" spawntime="60"/>
    <monster name="Wolf" x="-2" y="-1" z="7" spawntime="60"/>
    <monster name="Deer" x="3" y="-1" z="7" spawntime="60"/>
    <monster name="Rabbit" x="-2" y="0" z="7" spawntime="60"/>
    <monster name="Bear" x="3" y="1" z="7" spawntime="60"/>
  </spawn>
  <spawn centerx="528" centery="466" centerz="8" radius="5">
    <monster name="Rat" x="5" y="-5" z="8" spawntime="60"/>
    <monster name="Rat" x="-5" y="-3" z="8" spawntime="60"/>
    <monster name="Rat" x="1" y="1" z="8" spawntime="60"/>
  </spawn>
  <spawn centerx="516" centery="469" centerz="8" radius="5">
    <monster name="Rat" x="5" y="-5" z="8" spawntime="60"/>
    <monster name="Cave Rat" x="-2" y="-2" z="8" spawntime="60"/>
    <monster name="Rat" x="5" y="3" z="8" spawntime="60"/>
    <monster name="Rat" x="2" y="4" z="8" spawntime="60"/>
  </spawn>
  <spawn centerx="523" centery="469" centerz="8" radius="5"/>
  <spawn centerx="530" centery="477" centerz="8" radius="5">
    <monster name="Rat" x="-1" y="-1" z="8" spawntime="60"/>
    <monster name="Bat" x="0" y="2" z="8" spawntime="60"/>
  </spawn>
</spawns>
